<step title="Incoming Request" date="2026-02-16T02:17:46.426" instance="be59c2" url="/api/publish?type=zip" method="POST" type="request" pid="6728,2,7" Cache-Control="no-cache" Content-Length="17567446" Content-Type="application/octet-stream" Accept="*/*" Accept-Encoding="gzip, deflate" Authorization="Bea..." Host="app-orderpulse.scm.azurewebsites.net" User-Agent="AZURECLI/2.83.0 (HOMEBREW)" x-ms-client-request-id="a4818b14-0add-11f1-a630-a2ecf9ce3782" X-ARR-LOG-ID="a4818b14-0add-11f1-a630-a2ecf9ce3782" CLIENT-IP="108.20.156.145:51242" X-SITE-DEPLOYMENT-ID="app-orderpulse" WAS-DEFAULT-HOSTNAME="app-orderpulse.scm.azurewebsites.net" X-Forwarded-Proto="https" X-AppService-Proto="https" X-Forwarded-TlsVersion="1.3" X-WAWS-Unencoded-URL="/api/publish?type=zip" >
  <step title="OneDeploy" date="2026-02-16T02:17:48.085" >
    <step title="Starting PushDeployAsync" date="2026-02-16T02:17:48.212" /><!-- duration: 11ms -->
    <step title="Updating shutdown sentinel last write time" date="2026-02-16T02:17:48.567" SemaphoreCount="7" /><!-- duration: 16ms -->
    <step title="LockFile &apos;C:\home\site\locks\deployments.lock&apos; acquired" date="2026-02-16T02:17:48.582" /><!-- duration: 0ms -->
    <step title="Saving request content to C:\local\Temp\zipdeploy\fbddt3hp.zip" date="2026-02-16T02:17:48.598" >
      <step title="Total 17,567,446 bytes written to C:\local\Temp\zipdeploy\fbddt3hp.zip" date="2026-02-16T02:17:49.543" /><!-- duration: 0ms -->
    </step><!-- duration: 945ms -->
    <step title="LockFile &apos;C:\home\site\locks\deployments.lock&apos; released" date="2026-02-16T02:17:49.557" /><!-- duration: 0ms -->
    <step title="Deleting shutdown sentinel file" date="2026-02-16T02:17:49.573" SemaphoreCount="8" /><!-- duration: 0ms -->
    <step title="Starting FetchDeploy" date="2026-02-16T02:17:49.589" /><!-- duration: 16ms -->
    <step title="Attempting to fetch target branch HEAD" date="2026-02-16T02:17:49.621" /><!-- duration: 0ms -->
    <step title="Updating shutdown sentinel last write time" date="2026-02-16T02:17:49.683" SemaphoreCount="7" /><!-- duration: 0ms -->
    <step title="LockFile &apos;C:\home\site\locks\deployments.lock&apos; acquired" date="2026-02-16T02:17:49.683" /><!-- duration: 15ms -->
    <step title="Performing fetch based deployment" date="2026-02-16T02:17:49.714" >
      <step title="Creating temporary deployment" date="2026-02-16T02:17:49.732" /><!-- duration: 169ms -->
      <step title="Fetching changes." date="2026-02-16T02:17:50.214" /><!-- duration: 0ms -->
      <step title="Starting LocalZipHandler" date="2026-02-16T02:17:50.263" /><!-- duration: 0ms -->
      <step title="Starting LocalZipFetch" date="2026-02-16T02:17:50.292" /><!-- duration: 0ms -->
      <step title="Cleaning up temp folders from previous zip deployments and extracting pushed zip file C:\local\Temp\zipdeploy\fbddt3hp.zip (16.75 MB) to C:\local\Temp\zipdeploy\extracted" date="2026-02-16T02:17:50.323" /><!-- duration: 0ms -->
      <step title="Cleaning up temp folders from previous zip deployments and extracting pushed zip file C:\local\Temp\zipdeploy\fbddt3hp.zip (16.75 MB) to C:\local\Temp\zipdeploy\extracted" date="2026-02-16T02:17:50.339" >
        <step title="Extracting 109 entries to C:\local\Temp\zipdeploy\extracted directory" date="2026-02-16T02:17:50.401" >
          <step title="Extracting to C:\local\Temp\zipdeploy\extracted\Azure.Storage.Common.dll ..." date="2026-02-16T02:17:50.417" /><!-- duration: 63ms -->
          <step title="Extracting to C:\local\Temp\zipdeploy\extracted\Microsoft.Identity.Web.TokenCache.dll ..." date="2026-02-16T02:17:50.499" /><!-- duration: 29ms -->
          <step title="Extracting to C:\local\Temp\zipdeploy\extracted\OrderPulse.Infrastructure.pdb ..." date="2026-02-16T02:17:50.529" /><!-- duration: 13ms -->
          <step title="Extracting to C:\local\Temp\zipdeploy\extracted\Microsoft.AspNetCore.Cryptography.Internal.dll ..." date="2026-02-16T02:17:50.558" /><!-- duration: 0ms -->
          <step title="Extracting to C:\local\Temp\zipdeploy\extracted\Microsoft.Win32.SystemEvents.dll ..." date="2026-02-16T02:17:50.558" /><!-- duration: 15ms -->
          <step title="Omitting extracting file traces ..." date="2026-02-16T02:17:50.573" /><!-- duration: 16ms -->
        </step><!-- duration: 3252ms -->
      </step><!-- duration: 3333ms -->
      <step title="None repository commit" date="2026-02-16T02:17:53.682" >
        <step title="Commit id: a9c29464c43c45858d090e841bed229a" date="2026-02-16T02:17:53.701" Message="OneDeploy" AuthorName="N/A" AuthorEmail="N/A" /><!-- duration: 0ms -->
      </step><!-- duration: 18ms -->
      <step title="Before sending BuildRequestReceived status to /api/updatedeploystatus" date="2026-02-16T02:17:53.714" /><!-- duration: 0ms -->
      <step title="DeploymentManager.Deploy(id:a9c29464c43c45858d090e841bed229a)" date="2026-02-16T02:17:53.730" >
        <step title="Collecting changeset information" date="2026-02-16T02:17:53.745" /><!-- duration: 109ms -->
        <step title="Updating submodules" date="2026-02-16T02:17:53.870" >
          <step title="Updating submodules." date="2026-02-16T02:17:53.979" /><!-- duration: 0ms -->
        </step><!-- duration: 144ms -->
        <step title="Preparing deployment for commit id &apos;a9c29464c4&apos;." date="2026-02-16T02:17:54.198" /><!-- duration: 18ms -->
        <step title="Determining deployment builder" date="2026-02-16T02:17:54.323" >
          <step title="Builder is OneDeployBuilder" date="2026-02-16T02:17:54.343" /><!-- duration: 0ms -->
        </step><!-- duration: 31ms -->
        <step title="Copying SSH keys" date="2026-02-16T02:17:54.419" /><!-- duration: 13ms -->
        <step title="Building" date="2026-02-16T02:17:54.448" >
          <step title="Running build. Project type: OneDeploy" date="2026-02-16T02:17:54.527" /><!-- duration: 0ms -->
          <step title="Copying the manifest" date="2026-02-16T02:17:54.623" /><!-- duration: 0ms -->
          <step title="Clean deploying to C:\home\site\wwwroot" date="2026-02-16T02:17:54.777" /><!-- duration: 30ms -->
          <step title="Generating deployment script." date="2026-02-16T02:17:54.901" /><!-- duration: 0ms -->
          <step title="Generating deployment script" date="2026-02-16T02:17:54.916" >
            <step title="Using the following command to generate deployment script: &apos;azure site deploymentscript -y --no-dot-deployment -r &quot;C:\local\Temp\zipdeploy\extracted&quot; -o &quot;C:\home\site\deployments\tools&quot; --basic --sitePath &quot;C:\local\Temp\zipdeploy\extracted&quot;&apos;." date="2026-02-16T02:17:55.229" /><!-- duration: 17ms -->
            <step title="Executing external process" date="2026-02-16T02:17:55.291" type="process" path="starter.cmd" arguments="&quot;C:\Program Files (x86)\SiteExtensions\Kudu\2025.11.1.1\bin\node_modules\.bin\kuduscript.cmd&quot; -y --no-dot-deployment -r &quot;C:\local\Temp\zipdeploy\extracted&quot; -o &quot;C:\home\site\deployments\tools&quot; --basic --sitePath &quot;C:\local\Temp\zipdeploy\extracted&quot;" >
              <step title="Generating deployment script for Web Site" date="2026-02-16T02:17:56.797" /><!-- duration: 12ms -->
            </step><!-- duration: 1659ms -->
            <step title="Saved cached version of the deployment script for command -y --no-dot-deployment -r &quot;C:\local\Temp\zipdeploy\extracted&quot; -o &quot;C:\home\site\deployments\tools&quot; --basic --sitePath &quot;C:\local\Temp\zipdeploy\extracted&quot;" date="2026-02-16T02:17:56.981" /><!-- duration: 0ms -->
          </step><!-- duration: 2065ms -->
          <step title="Running deployment command..." date="2026-02-16T02:17:57.059" /><!-- duration: 16ms -->
          <step title="Command: &quot;C:\home\site\deployments\tools\deploy.cmd&quot;" date="2026-02-16T02:17:57.106" /><!-- duration: 19ms -->
          <step title="Executing external process" date="2026-02-16T02:17:57.184" type="process" path="starter.cmd" arguments="&quot;C:\home\site\deployments\tools\deploy.cmd&quot;" >
            <step title="Handling Basic Web Site deployment." date="2026-02-16T02:18:16.618" /><!-- duration: 16ms -->
            <step title="Creating app_offline.htm" date="2026-02-16T02:18:18.574" /><!-- duration: 0ms -->
            <step title="KuduSync.NET from: &apos;C:\local\Temp\zipdeploy\extracted&apos; to: &apos;C:\home\site\wwwroot&apos;" date="2026-02-16T02:18:18.681" /><!-- duration: 32ms -->
            <step title="Deleting file: &apos;hostingstart.html&apos;" date="2026-02-16T02:18:19.587" /><!-- duration: 63ms -->
            <step title="Copying file: &apos;appsettings.json&apos;" date="2026-02-16T02:18:19.697" /><!-- duration: 19ms -->
            <step title="Copying file: &apos;Azure.AI.OpenAI.dll&apos;" date="2026-02-16T02:18:19.792" /><!-- duration: 0ms -->
            <step title="Copying file: &apos;Azure.Core.dll&apos;" date="2026-02-16T02:18:19.839" /><!-- duration: 0ms -->
            <step title="Copying file: &apos;Azure.Identity.dll&apos;" date="2026-02-16T02:18:19.899" /><!-- duration: 16ms -->
            <step title="Copying file: &apos;Azure.Security.KeyVault.Certificates.dll&apos;" date="2026-02-16T02:18:19.962" /><!-- duration: 18ms -->
            <step title="Copying file: &apos;Azure.Security.KeyVault.Secrets.dll&apos;" date="2026-02-16T02:18:20.040" /><!-- duration: 17ms -->
            <step title="Copying file: &apos;Azure.Storage.Blobs.dll&apos;" date="2026-02-16T02:18:20.151" /><!-- duration: 19ms -->
            <step title="Copying file: &apos;Azure.Storage.Common.dll&apos;" date="2026-02-16T02:18:20.212" /><!-- duration: 16ms -->
            <step title="Copying file: &apos;Microsoft.AspNetCore.Authentication.JwtBearer.dll&apos;" date="2026-02-16T02:18:20.258" /><!-- duration: 47ms -->
            <step title="Copying file: &apos;Microsoft.AspNetCore.Authentication.OpenIdConnect.dll&apos;" date="2026-02-16T02:18:20.352" /><!-- duration: 0ms -->
            <step title="Copying file: &apos;Microsoft.AspNetCore.Cryptography.Internal.dll&apos;" date="2026-02-16T02:18:20.496" /><!-- duration: 47ms -->
            <step title="Copying file: &apos;Microsoft.AspNetCore.DataProtection.Abstractions.dll&apos;" date="2026-02-16T02:18:20.591" /><!-- duration: 11ms -->
            <step title="Copying file: &apos;Microsoft.AspNetCore.DataProtection.dll&apos;" date="2026-02-16T02:18:20.649" /><!-- duration: 16ms -->
            <step title="Copying file: &apos;Microsoft.Bcl.AsyncInterfaces.dll&apos;" date="2026-02-16T02:18:20.698" /><!-- duration: 19ms -->
            <step title="Copying file: &apos;Microsoft.Bcl.TimeProvider.dll&apos;" date="2026-02-16T02:18:20.758" /><!-- duration: 0ms -->
            <step title="Copying file: &apos;Microsoft.Data.SqlClient.dll&apos;" date="2026-02-16T02:18:20.790" /><!-- duration: 15ms -->
            <step title="Copying file: &apos;Microsoft.EntityFrameworkCore.Abstractions.dll&apos;" date="2026-02-16T02:18:20.852" /><!-- duration: 16ms -->
            <step title="Copying file: &apos;Microsoft.EntityFrameworkCore.dll&apos;" date="2026-02-16T02:18:20.962" /><!-- duration: 18ms -->
            <step title="Copying file: &apos;Microsoft.EntityFrameworkCore.Relational.dll&apos;" date="2026-02-16T02:18:21.073" /><!-- duration: 29ms -->
            <step title="Copying file: &apos;Microsoft.EntityFrameworkCore.SqlServer.dll&apos;" date="2026-02-16T02:18:21.399" /><!-- duration: 188ms -->
            <step title="Copying file: &apos;Microsoft.Extensions.Caching.Memory.dll&apos;" date="2026-02-16T02:18:21.977" /><!-- duration: 82ms -->
            <step title="Copying file: &apos;Microsoft.Extensions.DependencyInjection.Abstractions.dll&apos;" date="2026-02-16T02:18:22.182" /><!-- duration: 19ms -->
            <step title="Copying file: &apos;Microsoft.Extensions.DependencyInjection.dll&apos;" date="2026-02-16T02:18:22.258" /><!-- duration: 36ms -->
            <step title="Copying file: &apos;Microsoft.Extensions.Logging.Abstractions.dll&apos;" date="2026-02-16T02:18:22.323" /><!-- duration: 13ms -->
            <step title="Copying file: &apos;Microsoft.Extensions.Logging.dll&apos;" date="2026-02-16T02:18:22.399" /><!-- duration: 36ms -->
            <step title="Copying file: &apos;Microsoft.Extensions.Options.dll&apos;" date="2026-02-16T02:18:22.559" /><!-- duration: 12ms -->
            <step title="Copying file: &apos;Microsoft.Graph.Core.dll&apos;" date="2026-02-16T02:18:22.607" /><!-- duration: 11ms -->
            <step title="Copying file: &apos;Microsoft.Graph.dll&apos;" date="2026-02-16T02:18:22.654" /><!-- duration: 0ms -->
            <step title="Copying file: &apos;Microsoft.Identity.Abstractions.dll&apos;" date="2026-02-16T02:18:22.682" /><!-- duration: 18ms -->
            <step title="Copying file: &apos;Microsoft.Identity.Client.dll&apos;" date="2026-02-16T02:18:22.758" /><!-- duration: 18ms -->
            <step title="Copying file: &apos;Microsoft.Identity.Client.Extensions.Msal.dll&apos;" date="2026-02-16T02:18:22.825" /><!-- duration: 59ms -->
            <step title="Copying file: &apos;Microsoft.Identity.Web.Certificate.dll&apos;" date="2026-02-16T02:18:22.919" /><!-- duration: 11ms -->
            <step title="Copying file: &apos;Microsoft.Identity.Web.Certificateless.dll&apos;" date="2026-02-16T02:18:23.024" /><!-- duration: 19ms -->
            <step title="Copying file: &apos;Microsoft.Identity.Web.Diagnostics.dll&apos;" date="2026-02-16T02:18:23.091" /><!-- duration: 11ms -->
            <step title="Copying file: &apos;Microsoft.Identity.Web.dll&apos;" date="2026-02-16T02:18:23.149" /><!-- duration: 0ms -->
            <step title="Copying file: &apos;Microsoft.Identity.Web.TokenAcquisition.dll&apos;" date="2026-02-16T02:18:23.965" /><!-- duration: 0ms -->
            <step title="Copying file: &apos;Microsoft.Identity.Web.TokenCache.dll&apos;" date="2026-02-16T02:18:23.981" /><!-- duration: 0ms -->
            <step title="Copying file: &apos;Microsoft.IdentityModel.Abstractions.dll&apos;" date="2026-02-16T02:18:24.014" /><!-- duration: 0ms -->
            <step title="Copying file: &apos;Microsoft.IdentityModel.JsonWebTokens.dll&apos;" date="2026-02-16T02:18:24.028" /><!-- duration: 0ms -->
            <step title="Copying file: &apos;Microsoft.IdentityModel.Logging.dll&apos;" date="2026-02-16T02:18:24.044" /><!-- duration: 16ms -->
            <step title="Copying file: &apos;Microsoft.IdentityModel.LoggingExtensions.dll&apos;" date="2026-02-16T02:18:24.137" /><!-- duration: 19ms -->
            <step title="Copying file: &apos;Microsoft.IdentityModel.Protocols.dll&apos;" date="2026-02-16T02:18:24.185" /><!-- duration: 20ms -->
            <step title="Copying file: &apos;Microsoft.IdentityModel.Protocols.OpenIdConnect.dll&apos;" date="2026-02-16T02:18:24.247" /><!-- duration: 16ms -->
            <step title="Copying file: &apos;Microsoft.IdentityModel.Tokens.dll&apos;" date="2026-02-16T02:18:24.294" /><!-- duration: 0ms -->
            <step title="Copying file: &apos;Microsoft.IdentityModel.Validators.dll&apos;" date="2026-02-16T02:18:24.309" /><!-- duration: 0ms -->
            <step title="Copying file: &apos;Microsoft.Kiota.Abstractions.dll&apos;" date="2026-02-16T02:18:24.325" /><!-- duration: 16ms -->
            <step title="Copying file: &apos;Microsoft.Kiota.Authentication.Azure.dll&apos;" date="2026-02-16T02:18:24.340" /><!-- duration: 16ms -->
            <step title="Omitting next output lines..." date="2026-02-16T02:18:24.372" /><!-- duration: 0ms -->
            <step title="Finished successfully." date="2026-02-16T02:18:24.387" /><!-- duration: 0ms -->
          </step><!-- duration: 27219ms -->
          <step title="Build completed succesfully." date="2026-02-16T02:18:24.512" /><!-- duration: 0ms -->
          <step title="Running post deployment command(s)..." date="2026-02-16T02:18:24.684" /><!-- duration: 0ms -->
          <step title="Requesting site restart" date="2026-02-16T02:18:24.872" /><!-- duration: 0ms -->
          <step title="Requesting site restart" date="2026-02-16T02:18:24.892" /><!-- duration: 11ms -->
          <step title="Requesting site restart. Attempt #1" date="2026-02-16T02:18:24.997" /><!-- duration: 0ms -->
          <step title="Requesting site restart. Attempt #1" date="2026-02-16T02:18:25.016" /><!-- duration: 12ms -->
          <step title="Successfully requested a restart. Attempt #1" date="2026-02-16T02:18:27.554" /><!-- duration: 0ms -->
          <step title="Successfully requested a restart. Attempt #1" date="2026-02-16T02:18:27.583" /><!-- duration: 0ms -->
          <step title="Deployment successful. DEPLOYMENTINFO: deploymentPath = OneDeploy, deployer = OneDeploy, os = windows, sku = Basic, siteName = app-orderpulse, siteHostName = app-orderpulse.azurewebsites.net, deploymentStatus = Success" date="2026-02-16T02:18:27.660" /><!-- duration: 0ms -->
        </step><!-- duration: 33557ms -->
      </step><!-- duration: 34291ms -->
      <step title="Cleaning up temp files" date="2026-02-16T02:18:28.040" /><!-- duration: 89ms -->
      <step title="Skip function trigger and logicapp sync because function is not enabled." date="2026-02-16T02:18:28.176" /><!-- duration: 0ms -->
    </step><!-- duration: 38557ms -->
    <step title="LockFile &apos;C:\home\site\locks\deployments.lock&apos; released" date="2026-02-16T02:18:28.290" /><!-- duration: 11ms -->
    <step title="Deleting shutdown sentinel file" date="2026-02-16T02:18:28.301" SemaphoreCount="8" /><!-- duration: 0ms -->
  </step><!-- duration: 40252ms -->
  <step title="Outgoing response" date="2026-02-16T02:18:28.504" type="response" statusCode="200" statusText="OK" Server="Microsoft-IIS/10.0" x-ms-request-id="a4818b14-0add-11f1-a630-a2ecf9ce3782" Cache-Control="private" X-AspNet-Version="4.0.30319" /><!-- duration: 16ms -->
</step><!-- duration: 42094ms -->
