<Events><Event><System><Provider Name=".NET Runtime"/><EventID>1000</EventID><Level>2</Level><Task>0</Task><Keywords>Keywords</Keywords><TimeCreated SystemTime="2026-02-16T02:19:42Z"/><EventRecordID>27295015</EventRecordID><Channel>Application</Channel><Computer>DW1SDWK000KM4</Computer><Security/></System><EventData><Data>Category: Microsoft.AspNetCore.DataProtection.KeyManagement.XmlKeyManager
EventId: 35

No XML encryptor configured. Key {b33b3e07-29fa-4e0b-a87d-cff32beb723e} may be persisted to storage in unencrypted form.
</Data></EventData></Event><Event><System><Provider Name="IIS AspNetCore Module V2"/><EventID>1032</EventID><Level>4</Level><Task>0</Task><Keywords>Keywords</Keywords><TimeCreated SystemTime="2026-02-16T02:19:43Z"/><EventRecordID>27295281</EventRecordID><Channel>Application</Channel><Computer>DW1SDWK000KM4</Computer><Security/></System><EventData><Data>Application 'C:\home\site\wwwroot\' started successfully.</Data><Data>Process Id: 3524.</Data><Data>File Version: 18.0.25301.22. Description: IIS ASP.NET Core Module V2 Request Handler. Commit: </Data></EventData></Event><Event><System><Provider Name=".NET Runtime"/><EventID>1000</EventID><Level>1</Level><Task>0</Task><Keywords>Keywords</Keywords><TimeCreated SystemTime="2026-02-16T02:19:43Z"/><EventRecordID>27296093</EventRecordID><Channel>Application</Channel><Computer>DW1SDWK000KM4</Computer><Security/></System><EventData><Data>Category: Microsoft.AspNetCore.Server.IIS.Core.IISHttpServer
EventId: 2
SpanId: 73433813438d045d
TraceId: cd69966be3367df68a720424c51309ad
ParentId: 0000000000000000
RequestId: 400001ad-0000-eb00-b63f-84710c7967bb
RequestPath: /health

Connection ID "16933534599718371756", Request ID "400001ad-0000-eb00-b63f-84710c7967bb": An unhandled exception was thrown by the application.

Exception: 
System.ArgumentNullException: IDW10106: The 'ClientId' option must be provided. 
   at Microsoft.Identity.Web.MergedOptionsValidation.Validate(MergedOptions options)
   at Microsoft.Identity.Web.MicrosoftIdentityWebApiAuthenticationBuilderExtensions.&lt;&gt;c__DisplayClass3_0.&lt;AddMicrosoftIdentityWebApiImplementation&gt;b__0(JwtBearerOptions options, IServiceProvider serviceProvider, IMergedOptionsStore mergedOptionsMonitor, IOptionsMonitor`1 msIdOptionsMonitor)
   at Microsoft.Extensions.Options.ConfigureNamedOptions`4.Configure(String name, TOptions options)
   at Microsoft.Extensions.Options.OptionsFactory`1.Create(String name)
   at Microsoft.Extensions.Options.OptionsMonitor`1.&lt;&gt;c.&lt;Get&gt;b__10_0(String name, IOptionsFactory`1 factory)
   at Microsoft.Extensions.Options.OptionsCache`1.&lt;&gt;c__DisplayClass3_1`1.&lt;GetOrAdd&gt;b__2()
   at System.Lazy`1.ViaFactory(LazyThreadSafetyMode mode)
   at System.Lazy`1.ExecutionAndPublication(LazyHelper executionAndPublication, Boolean useDefaultConstructor)
   at System.Lazy`1.CreateValue()
   at System.Lazy`1.get_Value()
   at Microsoft.Extensions.Options.OptionsCache`1.GetOrAdd[TArg](String name, Func`3 createOptions, TArg factoryArgument)
   at Microsoft.Extensions.Options.OptionsMonitor`1.Get(String name)
   at Microsoft.AspNetCore.Authentication.AuthenticationHandler`1.InitializeAsync(AuthenticationScheme scheme, HttpContext context)
   at Microsoft.AspNetCore.Authentication.AuthenticationHandlerProvider.GetHandlerAsync(HttpContext context, String authenticationScheme)
   at Microsoft.AspNetCore.Authentication.AuthenticationService.AuthenticateAsync(HttpContext context, String scheme)
   at Microsoft.AspNetCore.Authentication.AuthenticationMiddleware.Invoke(HttpContext context)
   at Microsoft.AspNetCore.Server.IIS.Core.IISHttpContextOfT`1.ProcessRequestAsync()
</Data></EventData></Event><Event><System><Provider Name=".NET Runtime"/><EventID>1000</EventID><Level>1</Level><Task>0</Task><Keywords>Keywords</Keywords><TimeCreated SystemTime="2026-02-16T02:20:01Z"/><EventRecordID>27313406</EventRecordID><Channel>Application</Channel><Computer>DW1SDWK000KM4</Computer><Security/></System><EventData><Data>Category: Microsoft.AspNetCore.Server.IIS.Core.IISHttpServer
EventId: 2
SpanId: d161038fc77da70d
TraceId: e79b887f5e3ea0336e6863b20e1f56c8
ParentId: 0000000000000000
RequestId: 400001ae-0000-eb00-b63f-84710c7967bb
RequestPath: /health

Connection ID "16933534599718371756", Request ID "400001ae-0000-eb00-b63f-84710c7967bb": An unhandled exception was thrown by the application.

Exception: 
System.ArgumentNullException: IDW10106: The 'ClientId' option must be provided. 
   at Microsoft.Identity.Web.MergedOptionsValidation.Validate(MergedOptions options)
   at Microsoft.Identity.Web.MicrosoftIdentityWebApiAuthenticationBuilderExtensions.&lt;&gt;c__DisplayClass3_0.&lt;AddMicrosoftIdentityWebApiImplementation&gt;b__0(JwtBearerOptions options, IServiceProvider serviceProvider, IMergedOptionsStore mergedOptionsMonitor, IOptionsMonitor`1 msIdOptionsMonitor)
   at Microsoft.Extensions.Options.ConfigureNamedOptions`4.Configure(String name, TOptions options)
   at Microsoft.Extensions.Options.OptionsFactory`1.Create(String name)
   at Microsoft.Extensions.Options.OptionsMonitor`1.&lt;&gt;c.&lt;Get&gt;b__10_0(String name, IOptionsFactory`1 factory)
   at Microsoft.Extensions.Options.OptionsCache`1.&lt;&gt;c__DisplayClass3_1`1.&lt;GetOrAdd&gt;b__2()
   at System.Lazy`1.ViaFactory(LazyThreadSafetyMode mode)
--- End of stack trace from previous location ---
   at System.Lazy`1.CreateValue()
   at System.Lazy`1.get_Value()
   at Microsoft.Extensions.Options.OptionsCache`1.GetOrAdd[TArg](String name, Func`3 createOptions, TArg factoryArgument)
   at Microsoft.Extensions.Options.OptionsMonitor`1.Get(String name)
   at Microsoft.AspNetCore.Authentication.AuthenticationHandler`1.InitializeAsync(AuthenticationScheme scheme, HttpContext context)
   at Microsoft.AspNetCore.Authentication.AuthenticationHandlerProvider.GetHandlerAsync(HttpContext context, String authenticationScheme)
   at Microsoft.AspNetCore.Authentication.AuthenticationService.AuthenticateAsync(HttpContext context, String scheme)
   at Microsoft.AspNetCore.Authentication.AuthenticationMiddleware.Invoke(HttpContext context)
   at Microsoft.AspNetCore.Server.IIS.Core.IISHttpContextOfT`1.ProcessRequestAsync()
</Data></EventData></Event><Event><System><Provider Name=".NET Runtime"/><EventID>1000</EventID><Level>1</Level><Task>0</Task><Keywords>Keywords</Keywords><TimeCreated SystemTime="2026-02-16T02:20:04Z"/><EventRecordID>27316343</EventRecordID><Channel>Application</Channel><Computer>DW1SDWK000KM4</Computer><Security/></System><EventData><Data>Category: Microsoft.AspNetCore.Server.IIS.Core.IISHttpServer
EventId: 2
SpanId: 27bdab761698998f
TraceId: 5de14dbe1697ce02af7f1b87661679ad
ParentId: 0000000000000000
RequestId: 400001af-0000-eb00-b63f-84710c7967bb
RequestPath: /health

Connection ID "16933534599718371756", Request ID "400001af-0000-eb00-b63f-84710c7967bb": An unhandled exception was thrown by the application.

Exception: 
System.ArgumentNullException: IDW10106: The 'ClientId' option must be provided. 
   at Microsoft.Identity.Web.MergedOptionsValidation.Validate(MergedOptions options)
   at Microsoft.Identity.Web.MicrosoftIdentityWebApiAuthenticationBuilderExtensions.&lt;&gt;c__DisplayClass3_0.&lt;AddMicrosoftIdentityWebApiImplementation&gt;b__0(JwtBearerOptions options, IServiceProvider serviceProvider, IMergedOptionsStore mergedOptionsMonitor, IOptionsMonitor`1 msIdOptionsMonitor)
   at Microsoft.Extensions.Options.ConfigureNamedOptions`4.Configure(String name, TOptions options)
   at Microsoft.Extensions.Options.OptionsFactory`1.Create(String name)
   at Microsoft.Extensions.Options.OptionsMonitor`1.&lt;&gt;c.&lt;Get&gt;b__10_0(String name, IOptionsFactory`1 factory)
   at Microsoft.Extensions.Options.OptionsCache`1.&lt;&gt;c__DisplayClass3_1`1.&lt;GetOrAdd&gt;b__2()
   at System.Lazy`1.ViaFactory(LazyThreadSafetyMode mode)
--- End of stack trace from previous location ---
   at System.Lazy`1.CreateValue()
   at System.Lazy`1.get_Value()
   at Microsoft.Extensions.Options.OptionsCache`1.GetOrAdd[TArg](String name, Func`3 createOptions, TArg factoryArgument)
   at Microsoft.Extensions.Options.OptionsMonitor`1.Get(String name)
   at Microsoft.AspNetCore.Authentication.AuthenticationHandler`1.InitializeAsync(AuthenticationScheme scheme, HttpContext context)
   at Microsoft.AspNetCore.Authentication.AuthenticationHandlerProvider.GetHandlerAsync(HttpContext context, String authenticationScheme)
   at Microsoft.AspNetCore.Authentication.AuthenticationService.AuthenticateAsync(HttpContext context, String scheme)
   at Microsoft.AspNetCore.Authentication.AuthenticationMiddleware.Invoke(HttpContext context)
   at Microsoft.AspNetCore.Server.IIS.Core.IISHttpContextOfT`1.ProcessRequestAsync()
</Data></EventData></Event><Event><System><Provider Name=".NET Runtime"/><EventID>1000</EventID><Level>1</Level><Task>0</Task><Keywords>Keywords</Keywords><TimeCreated SystemTime="2026-02-16T02:21:00Z"/><EventRecordID>27373109</EventRecordID><Channel>Application</Channel><Computer>DW1SDWK000KM4</Computer><Security/></System><EventData><Data>Category: Microsoft.AspNetCore.Server.IIS.Core.IISHttpServer
EventId: 2
SpanId: 9c4a21e6bf802ad1
TraceId: 00bbe7d2e442fde986cba84c575019ae
ParentId: 0000000000000000
RequestId: 400001b0-0000-eb00-b63f-84710c7967bb
RequestPath: /health

Connection ID "16933534599718371756", Request ID "400001b0-0000-eb00-b63f-84710c7967bb": An unhandled exception was thrown by the application.

Exception: 
System.ArgumentNullException: IDW10106: The 'ClientId' option must be provided. 
   at Microsoft.Identity.Web.MergedOptionsValidation.Validate(MergedOptions options)
   at Microsoft.Identity.Web.MicrosoftIdentityWebApiAuthenticationBuilderExtensions.&lt;&gt;c__DisplayClass3_0.&lt;AddMicrosoftIdentityWebApiImplementation&gt;b__0(JwtBearerOptions options, IServiceProvider serviceProvider, IMergedOptionsStore mergedOptionsMonitor, IOptionsMonitor`1 msIdOptionsMonitor)
   at Microsoft.Extensions.Options.ConfigureNamedOptions`4.Configure(String name, TOptions options)
   at Microsoft.Extensions.Options.OptionsFactory`1.Create(String name)
   at Microsoft.Extensions.Options.OptionsMonitor`1.&lt;&gt;c.&lt;Get&gt;b__10_0(String name, IOptionsFactory`1 factory)
   at Microsoft.Extensions.Options.OptionsCache`1.&lt;&gt;c__DisplayClass3_1`1.&lt;GetOrAdd&gt;b__2()
   at System.Lazy`1.ViaFactory(LazyThreadSafetyMode mode)
--- End of stack trace from previous location ---
   at System.Lazy`1.CreateValue()
   at System.Lazy`1.get_Value()
   at Microsoft.Extensions.Options.OptionsCache`1.GetOrAdd[TArg](String name, Func`3 createOptions, TArg factoryArgument)
   at Microsoft.Extensions.Options.OptionsMonitor`1.Get(String name)
   at Microsoft.AspNetCore.Authentication.AuthenticationHandler`1.InitializeAsync(AuthenticationScheme scheme, HttpContext context)
   at Microsoft.AspNetCore.Authentication.AuthenticationHandlerProvider.GetHandlerAsync(HttpContext context, String authenticationScheme)
   at Microsoft.AspNetCore.Authentication.AuthenticationService.AuthenticateAsync(HttpContext context, String scheme)
   at Microsoft.AspNetCore.Authentication.AuthenticationMiddleware.Invoke(HttpContext context)
   at Microsoft.AspNetCore.Server.IIS.Core.IISHttpContextOfT`1.ProcessRequestAsync()
</Data></EventData></Event><Event><System><Provider Name=".NET Runtime"/><EventID>1000</EventID><Level>1</Level><Task>0</Task><Keywords>Keywords</Keywords><TimeCreated SystemTime="2026-02-16T02:21:58Z"/><EventRecordID>27430546</EventRecordID><Channel>Application</Channel><Computer>DW1SDWK000KM4</Computer><Security/></System><EventData><Data>Category: Microsoft.AspNetCore.Server.IIS.Core.IISHttpServer
EventId: 2
SpanId: a77f81c9fa2c3fd8
TraceId: c7f0457592d6a4d8f408a2decd6bfc8f
ParentId: 0000000000000000
RequestId: 400001a5-0000-e800-b63f-84710c7967bb
RequestPath: /

Connection ID "16717361817604587940", Request ID "400001a5-0000-e800-b63f-84710c7967bb": An unhandled exception was thrown by the application.

Exception: 
System.ArgumentNullException: IDW10106: The 'ClientId' option must be provided. 
   at Microsoft.Identity.Web.MergedOptionsValidation.Validate(MergedOptions options)
   at Microsoft.Identity.Web.MicrosoftIdentityWebApiAuthenticationBuilderExtensions.&lt;&gt;c__DisplayClass3_0.&lt;AddMicrosoftIdentityWebApiImplementation&gt;b__0(JwtBearerOptions options, IServiceProvider serviceProvider, IMergedOptionsStore mergedOptionsMonitor, IOptionsMonitor`1 msIdOptionsMonitor)
   at Microsoft.Extensions.Options.ConfigureNamedOptions`4.Configure(String name, TOptions options)
   at Microsoft.Extensions.Options.OptionsFactory`1.Create(String name)
   at Microsoft.Extensions.Options.OptionsMonitor`1.&lt;&gt;c.&lt;Get&gt;b__10_0(String name, IOptionsFactory`1 factory)
   at Microsoft.Extensions.Options.OptionsCache`1.&lt;&gt;c__DisplayClass3_1`1.&lt;GetOrAdd&gt;b__2()
   at System.Lazy`1.ViaFactory(LazyThreadSafetyMode mode)
--- End of stack trace from previous location ---
   at System.Lazy`1.CreateValue()
   at System.Lazy`1.get_Value()
   at Microsoft.Extensions.Options.OptionsCache`1.GetOrAdd[TArg](String name, Func`3 createOptions, TArg factoryArgument)
   at Microsoft.Extensions.Options.OptionsMonitor`1.Get(String name)
   at Microsoft.AspNetCore.Authentication.AuthenticationHandler`1.InitializeAsync(AuthenticationScheme scheme, HttpContext context)
   at Microsoft.AspNetCore.Authentication.AuthenticationHandlerProvider.GetHandlerAsync(HttpContext context, String authenticationScheme)
   at Microsoft.AspNetCore.Authentication.AuthenticationService.AuthenticateAsync(HttpContext context, String scheme)
   at Microsoft.AspNetCore.Authentication.AuthenticationMiddleware.Invoke(HttpContext context)
   at Microsoft.AspNetCore.Server.IIS.Core.IISHttpContextOfT`1.ProcessRequestAsync()
</Data></EventData></Event><Event><System><Provider Name=".NET Runtime"/><EventID>1000</EventID><Level>1</Level><Task>0</Task><Keywords>Keywords</Keywords><TimeCreated SystemTime="2026-02-16T02:22:15Z"/><EventRecordID>27447671</EventRecordID><Channel>Application</Channel><Computer>DW1SDWK000KM4</Computer><Security/></System><EventData><Data>Category: Microsoft.AspNetCore.Server.IIS.Core.IISHttpServer
EventId: 2
SpanId: a02b77d6096f5eb4
TraceId: ed4a823f9ae0962860a0ff3cc4d9dd22
ParentId: 0000000000000000
RequestId: 400001b2-0000-eb00-b63f-84710c7967bb
RequestPath: /health

Connection ID "16933534599718371756", Request ID "400001b2-0000-eb00-b63f-84710c7967bb": An unhandled exception was thrown by the application.

Exception: 
System.ArgumentNullException: IDW10106: The 'ClientId' option must be provided. 
   at Microsoft.Identity.Web.MergedOptionsValidation.Validate(MergedOptions options)
   at Microsoft.Identity.Web.MicrosoftIdentityWebApiAuthenticationBuilderExtensions.&lt;&gt;c__DisplayClass3_0.&lt;AddMicrosoftIdentityWebApiImplementation&gt;b__0(JwtBearerOptions options, IServiceProvider serviceProvider, IMergedOptionsStore mergedOptionsMonitor, IOptionsMonitor`1 msIdOptionsMonitor)
   at Microsoft.Extensions.Options.ConfigureNamedOptions`4.Configure(String name, TOptions options)
   at Microsoft.Extensions.Options.OptionsFactory`1.Create(String name)
   at Microsoft.Extensions.Options.OptionsMonitor`1.&lt;&gt;c.&lt;Get&gt;b__10_0(String name, IOptionsFactory`1 factory)
   at Microsoft.Extensions.Options.OptionsCache`1.&lt;&gt;c__DisplayClass3_1`1.&lt;GetOrAdd&gt;b__2()
   at System.Lazy`1.ViaFactory(LazyThreadSafetyMode mode)
--- End of stack trace from previous location ---
   at System.Lazy`1.CreateValue()
   at System.Lazy`1.get_Value()
   at Microsoft.Extensions.Options.OptionsCache`1.GetOrAdd[TArg](String name, Func`3 createOptions, TArg factoryArgument)
   at Microsoft.Extensions.Options.OptionsMonitor`1.Get(String name)
   at Microsoft.AspNetCore.Authentication.AuthenticationHandler`1.InitializeAsync(AuthenticationScheme scheme, HttpContext context)
   at Microsoft.AspNetCore.Authentication.AuthenticationHandlerProvider.GetHandlerAsync(HttpContext context, String authenticationScheme)
   at Microsoft.AspNetCore.Authentication.AuthenticationService.AuthenticateAsync(HttpContext context, String scheme)
   at Microsoft.AspNetCore.Authentication.AuthenticationMiddleware.Invoke(HttpContext context)
   at Microsoft.AspNetCore.Server.IIS.Core.IISHttpContextOfT`1.ProcessRequestAsync()
</Data></EventData></Event><Event><System><Provider Name=".NET Runtime"/><EventID>1000</EventID><Level>1</Level><Task>0</Task><Keywords>Keywords</Keywords><TimeCreated SystemTime="2026-02-16T02:22:23Z"/><EventRecordID>27456000</EventRecordID><Channel>Application</Channel><Computer>DW1SDWK000KM4</Computer><Security/></System><EventData><Data>Category: Microsoft.AspNetCore.Server.IIS.Core.IISHttpServer
EventId: 2
SpanId: 21e0b3212ab9c30e
TraceId: aeeb61fa4a15f44077513833f387ea6f
ParentId: 0000000000000000
RequestId: 400001b3-0000-eb00-b63f-84710c7967bb
RequestPath: /health

Connection ID "16933534599718371756", Request ID "400001b3-0000-eb00-b63f-84710c7967bb": An unhandled exception was thrown by the application.

Exception: 
System.ArgumentNullException: IDW10106: The 'ClientId' option must be provided. 
   at Microsoft.Identity.Web.MergedOptionsValidation.Validate(MergedOptions options)
   at Microsoft.Identity.Web.MicrosoftIdentityWebApiAuthenticationBuilderExtensions.&lt;&gt;c__DisplayClass3_0.&lt;AddMicrosoftIdentityWebApiImplementation&gt;b__0(JwtBearerOptions options, IServiceProvider serviceProvider, IMergedOptionsStore mergedOptionsMonitor, IOptionsMonitor`1 msIdOptionsMonitor)
   at Microsoft.Extensions.Options.ConfigureNamedOptions`4.Configure(String name, TOptions options)
   at Microsoft.Extensions.Options.OptionsFactory`1.Create(String name)
   at Microsoft.Extensions.Options.OptionsMonitor`1.&lt;&gt;c.&lt;Get&gt;b__10_0(String name, IOptionsFactory`1 factory)
   at Microsoft.Extensions.Options.OptionsCache`1.&lt;&gt;c__DisplayClass3_1`1.&lt;GetOrAdd&gt;b__2()
   at System.Lazy`1.ViaFactory(LazyThreadSafetyMode mode)
--- End of stack trace from previous location ---
   at System.Lazy`1.CreateValue()
   at System.Lazy`1.get_Value()
   at Microsoft.Extensions.Options.OptionsCache`1.GetOrAdd[TArg](String name, Func`3 createOptions, TArg factoryArgument)
   at Microsoft.Extensions.Options.OptionsMonitor`1.Get(String name)
   at Microsoft.AspNetCore.Authentication.AuthenticationHandler`1.InitializeAsync(AuthenticationScheme scheme, HttpContext context)
   at Microsoft.AspNetCore.Authentication.AuthenticationHandlerProvider.GetHandlerAsync(HttpContext context, String authenticationScheme)
   at Microsoft.AspNetCore.Authentication.AuthenticationService.AuthenticateAsync(HttpContext context, String scheme)
   at Microsoft.AspNetCore.Authentication.AuthenticationMiddleware.Invoke(HttpContext context)
   at Microsoft.AspNetCore.Server.IIS.Core.IISHttpContextOfT`1.ProcessRequestAsync()
</Data></EventData></Event></Events>