{"TimeStamp":"2026-02-16T02:18:27Z","SiteName":"app-orderpulse","RequestId":"a4818b14-0add-11f1-a630-a2ecf9ce3782","Kind":"OneDeploy","Status":"Success","Details":"{\"Id\":\"a9c29464c43c45858d090e841bed229a\",\"Status\":4,\"StatusText\":\"\",\"AuthorEmail\":\"N/A\",\"Author\":\"N/A\",\"Message\":\"OneDeploy\",\"Progress\":\"\",\"Deployer\":\"OneDeploy\",\"ReceivedTime\":\"2026-02-16T02:17:53.8094273Z\",\"StartTime\":\"2026-02-16T02:17:54.2763333Z\",\"EndTime\":\"2026-02-16T02:18:27.7082431Z\",\"LastSuccessEndTime\":\"2026-02-16T02:18:27.7082431Z\",\"Complete\":true,\"IsTemporary\":false,\"IsReadOnly\":true,\"SiteName\":\"app-orderpulse\",\"HostName\":\"app-orderpulse.scm.azurewebsites.net\",\"ProjectType\":\"OneDeploy\",\"VsProjectId\":null}"}