﻿<?xml version="1.0" encoding="utf-8"?>
<deployment>
  <id>a9c29464c43c45858d090e841bed229a</id>
  <author>N/A</author>
  <deployer>OneDeploy</deployer>
  <authorEmail>N/A</authorEmail>
  <message>OneDeploy</message>
  <progress></progress>
  <status>Success</status>
  <statusText></statusText>
  <lastSuccessEndTime>2026-02-16T02:18:27.7082431Z</lastSuccessEndTime>
  <receivedTime>2026-02-16T02:17:53.8094273Z</receivedTime>
  <startTime>2026-02-16T02:17:54.2763333Z</startTime>
  <endTime>2026-02-16T02:18:27.7082431Z</endTime>
  <complete>True</complete>
  <is_temp>False</is_temp>
  <is_readonly>True</is_readonly>
  <project_type>OneDeploy</project_type>
  <vsproject_id></vsproject_id>
</deployment>